accuracy,acc_lo,acc_hi,balanced_accuracy,mcc,roc_auc,n,threshold,mode
0.5956284153005464,0.5355191256830601,0.6613387978142075,0.5891383495145631,0.1782766990291262,0.5856796116504855,183,0.5,walk
