accuracy,acc_lo,acc_hi,balanced_accuracy,mcc,roc_auc,n,threshold,mode,year,family,task
0.4972677595628415,0.43169398907103823,0.5683060109289617,0.5087378640776699,0.017626105969569268,0.5512135922330097,183,0.45079654455184937,walk,2025,xgb,updown
