accuracy,acc_lo,acc_hi,balanced_accuracy,mcc,roc_auc,n,threshold,mode
0.5325842696629214,0.4898876404494382,0.5752808988764045,0.5316593886462881,0.0634265802262912,0.5515728610706776,445,0.5,walk
