accuracy,acc_lo,acc_hi,balanced_accuracy,mcc,roc_auc,n,threshold,mode
0.5628415300546448,0.4971311475409836,0.6284153005464481,0.56001213592233,0.11928822956831149,0.5662621359223302,183,0.5,train_once
